{"stats":{"minecraft:used":{"minecraft:red_sandstone_stairs":31,"minecraft:yellow_banner":22,"minecraft:red_sandstone":124,"minecraft:lava_bucket":218,"minecraft:orange_concrete":40,"minecraft:command_block":103,"minecraft:red_concrete":10,"minecraft:oak_button":9,"minecraft:redstone":8,"minecraft:barrier":26,"minecraft:stone_button":163,"minecraft:blue_wool":73,"minecraft:sign":85,"minecraft:red_terracotta":515,"minecraft:redstone_block":502,"minecraft:oak_pressure_plate":1,"minecraft:player_head":19,"minecraft:yellow_wool":730,"minecraft:item_frame":14,"minecraft:debug_stick":4,"minecraft:repeater":19,"minecraft:redstone_lamp":968,"minecraft:potion":2,"minecraft:yellow_terracotta":567,"minecraft:lapis_block":1,"minecraft:yellow_concrete":2845,"minecraft:sponge":225,"minecraft:painting":3,"minecraft:orange_terracotta":6},"minecraft:picked_up":{"minecraft:yellow_wool":1,"minecraft:stone_button":2,"minecraft:item_frame":14},"minecraft:dropped":{"minecraft:stone_button":2,"minecraft:orange_terracotta":1,"minecraft:yellow_wool":1,"minecraft:yellow_concrete":1,"minecraft:yellow_banner":3,"minecraft:command_block":1},"minecraft:custom":{"minecraft:time_since_rest":3215,"minecraft:sprint_one_cm":10531,"minecraft:damage_taken":1170,"minecraft:walk_one_cm":201739,"minecraft:drop":9,"minecraft:fly_one_cm":1316489,"minecraft:play_one_minute":448615,"minecraft:crouch_one_cm":2487,"minecraft:deaths":5,"minecraft:sneak_time":9440,"minecraft:jump":575,"minecraft:leave_game":14,"minecraft:time_since_death":3188,"minecraft:fall_one_cm":4573}},"DataVersion":1631}