[{"flipbook_texture":"textures/blocks/fire_0","atlas_tile":"fire_0","frames":[16,17,18,19,20,21,22,23,24,25,26,27,28,29,30,31,0,1,2,3,4,5,6,7,8,9,10,11,12,13,14,15]},{"flipbook_texture":"textures/blocks/fire_1","atlas_tile":"fire_1","frames":[0,1,2,3,4,5,6,7,8,9,10,11,12,13,14,15,16,17,18,19,20,21,22,23,24,25,26,27,28,29,30,31]},{"flipbook_texture":"textures/blocks/water_still","atlas_tile":"still_water","ticks_per_frame":2},{"flipbook_texture":"textures/blocks/water_flow","atlas_tile":"flowing_water","replicate":2},{"flipbook_texture":"textures/blocks/cauldron_water","atlas_tile":"cauldron_water","ticks_per_frame":2},{"flipbook_texture":"textures/blocks/lava_still","atlas_tile":"still_lava","ticks_per_frame":16},{"flipbook_texture":"textures/blocks/lava_flow","atlas_tile":"flowing_lava","ticks_per_frame":10,"replicate":2},{"flipbook_texture":"textures/blocks/prismarine_rough","atlas_tile":"prismarine","ticks_per_frame":300,"frames":[0,1,0,2,0,3,0,1,2,1,3,1,0,2,1,2,3,2,0,3,1,3]},{"flipbook_texture":"textures/blocks/portal","atlas_tile":"portal"},{"flipbook_texture":"textures/blocks/sea_lantern","atlas_tile":"sea_lantern","ticks_per_frame":5}]