{"resource_pack_name":"vanilla","texture_name":"atlas.items","texture_data":{"apple":{"textures":"textures/items/apple"},"apple_golden":{"textures":"textures/items/apple_golden"},"arrow":{"textures":"textures/items/arrow"},"axe":{"textures":["textures/items/wood_axe","textures/items/stone_axe","textures/items/iron_axe","textures/items/gold_axe","textures/items/diamond_axe"]},"bed":{"textures":"textures/items/bed"},"beef_cooked":{"textures":"textures/items/beef_cooked"},"beef_raw":{"textures":"textures/items/beef_raw"},"blaze_powder":{"textures":"textures/items/blaze_powder"},"blaze_rod":{"textures":"textures/items/blaze_rod"},"boat":{"textures":["textures/items/boat_oak","textures/items/boat_spruce","textures/items/boat_birch","textures/items/boat_jungle","textures/items/boat_acacia","textures/items/boat_darkoak"]},"bone":{"textures":"textures/items/bone"},"book_enchanted":{"textures":"textures/items/book_enchanted"},"book_normal":{"textures":"textures/items/book_normal"},"book_writable":{"textures":"textures/items/book_writable"},"book_written":{"textures":"textures/items/book_written"},"book_portfolio":{"textures":"textures/items/book_portfolio"},"boots":{"textures":["textures/items/leather_boots","textures/items/chainmail_boots","textures/items/iron_boots","textures/items/gold_boots","textures/items/diamond_boots"]},"bowl":{"textures":"textures/items/bowl"},"bow_pulling":{"textures":["textures/items/bow_pulling_0","textures/items/bow_pulling_1","textures/items/bow_pulling_2"]},"bow_standby":{"textures":"textures/items/bow_standby"},"bread":{"textures":"textures/items/bread"},"brewing_stand":{"textures":"textures/items/brewing_stand"},"brick":{"textures":"textures/items/brick"},"bucket":{"textures":["textures/items/bucket_empty","textures/items/bucket_milk","textures/items/bucket_water","textures/items/bucket_lava"]},"cake":{"textures":"textures/items/cake"},"carrot":{"textures":"textures/items/carrot"},"carrot_golden":{"textures":"textures/items/carrot_golden"},"carrot_on_a_stick":{"textures":"textures/items/carrot_on_a_stick"},"beetroot":{"textures":"textures/items/beetroot"},"cauldron":{"textures":"textures/items/cauldron"},"charcoal":{"textures":"textures/items/charcoal"},"chestplate":{"textures":["textures/items/leather_chestplate","textures/items/chainmail_chestplate","textures/items/iron_chestplate","textures/items/gold_chestplate","textures/items/diamond_chestplate"]},"chicken_cooked":{"textures":"textures/items/chicken_cooked"},"chicken_raw":{"textures":"textures/items/chicken_raw"},"mutton_cooked":{"textures":"textures/items/mutton_cooked"},"mutton_raw":{"textures":"textures/items/mutton_raw"},"clay_ball":{"textures":"textures/items/clay_ball"},"coal":{"textures":"textures/items/coal"},"comparator":{"textures":"textures/items/comparator"},"cookie":{"textures":"textures/items/cookie"},"diamond":{"textures":"textures/items/diamond"},"diamond_horse_armor":{"textures":"textures/items/diamond_horse_armor"},"iron_door":{"textures":"textures/items/door_iron"},"wooden_door":{"textures":"textures/items/door_wood"},"spruce_door":{"textures":"textures/items/door_spruce"},"birch_door":{"textures":"textures/items/door_birch"},"jungle_door":{"textures":"textures/items/door_jungle"},"acacia_door":{"textures":"textures/items/door_acacia"},"dark_oak_door":{"textures":"textures/items/door_dark_oak"},"dye_powder":{"textures":["textures/items/dye_powder_black","textures/items/dye_powder_red","textures/items/dye_powder_green","textures/items/dye_powder_brown","textures/items/dye_powder_blue","textures/items/dye_powder_purple","textures/items/dye_powder_cyan","textures/items/dye_powder_silver","textures/items/dye_powder_gray","textures/items/dye_powder_pink","textures/items/dye_powder_lime","textures/items/dye_powder_yellow","textures/items/dye_powder_light_blue","textures/items/dye_powder_magenta","textures/items/dye_powder_orange","textures/items/dye_powder_white"]},"egg":{"textures":"textures/items/egg"},"emerald":{"textures":"textures/items/emerald"},"empty_armor_slot_boots":{"textures":"textures/items/empty_armor_slot_boots"},"empty_armor_slot_chestplate":{"textures":"textures/items/empty_armor_slot_chestplate"},"empty_armor_slot_helmet":{"textures":"textures/items/empty_armor_slot_helmet"},"empty_armor_slot_leggings":{"textures":"textures/items/empty_armor_slot_leggings"},"ender_eye":{"textures":"textures/items/ender_eye"},"ender_pearl":{"textures":"textures/items/ender_pearl"},"experience_bottle":{"textures":"textures/items/experience_bottle"},"feather":{"textures":"textures/items/feather"},"fireball":{"textures":"textures/items/fireball"},"fireworks":{"textures":"textures/items/fireworks"},"fireworks_charge":{"textures":"textures/items/fireworks_charge"},"fireworks_charge_overlay":{"textures":"textures/items/fireworks_charge_overlay"},"fishing_rod":{"textures":["textures/items/fishing_rod_uncast","textures/items/fishing_rod_cast"]},"fish":{"textures":"textures/items/fish_raw"},"salmon":{"textures":"textures/items/fish_salmon_raw"},"clownfish":{"textures":"textures/items/fish_clownfish_raw"},"pufferfish":{"textures":"textures/items/fish_pufferfish_raw"},"cooked_fish":{"textures":"textures/items/fish_cooked"},"cooked_salmon":{"textures":"textures/items/fish_salmon_cooked"},"flint":{"textures":"textures/items/flint"},"flint_and_steel":{"textures":"textures/items/flint_and_steel"},"flower_pot":{"textures":"textures/items/flower_pot"},"ghast_tear":{"textures":"textures/items/ghast_tear"},"glowstone_dust":{"textures":"textures/items/glowstone_dust"},"gold_horse_armor":{"textures":"textures/items/gold_horse_armor"},"gold_ingot":{"textures":"textures/items/gold_ingot"},"gold_nugget":{"textures":"textures/items/gold_nugget"},"gunpowder":{"textures":"textures/items/gunpowder"},"helmet":{"textures":["textures/items/leather_helmet","textures/items/chainmail_helmet","textures/items/iron_helmet","textures/items/gold_helmet","textures/items/diamond_helmet"]},"hoe":{"textures":["textures/items/wood_hoe","textures/items/stone_hoe","textures/items/iron_hoe","textures/items/gold_hoe","textures/items/diamond_hoe"]},"hopper":{"textures":"textures/items/hopper"},"iron_horse_armor":{"textures":"textures/items/iron_horse_armor"},"iron_ingot":{"textures":"textures/items/iron_ingot"},"item_frame":{"textures":"textures/items/item_frame"},"lead":{"textures":"textures/items/lead"},"leather":{"textures":"textures/items/leather"},"leather_horse_armor":{"textures":"textures/items/leather_horse_armor"},"leggings":{"textures":["textures/items/leather_leggings","textures/items/chainmail_leggings","textures/items/iron_leggings","textures/items/gold_leggings","textures/items/diamond_leggings"]},"magma_cream":{"textures":"textures/items/magma_cream"},"map_empty":{"textures":"textures/items/map_empty"},"map_filled":{"textures":"textures/items/map_filled"},"melon":{"textures":"textures/items/melon"},"melon_speckled":{"textures":"textures/items/melon_speckled"},"minecart_chest":{"textures":"textures/items/minecart_chest"},"minecart_furnace":{"textures":"textures/items/minecart_furnace"},"minecart_hopper":{"textures":"textures/items/minecart_hopper"},"minecart_normal":{"textures":"textures/items/minecart_normal"},"minecart_tnt":{"textures":"textures/items/minecart_tnt"},"mushroom_stew":{"textures":"textures/items/mushroom_stew"},"beetroot_soup":{"textures":"textures/items/beetroot_soup"},"name_tag":{"textures":"textures/items/name_tag"},"netherbrick":{"textures":"textures/items/netherbrick"},"nether_star":{"textures":"textures/items/nether_star"},"nether_wart":{"textures":"textures/items/nether_wart"},"painting":{"textures":"textures/items/painting"},"paper":{"textures":"textures/items/paper"},"pickaxe":{"textures":["textures/items/wood_pickaxe","textures/items/stone_pickaxe","textures/items/iron_pickaxe","textures/items/gold_pickaxe","textures/items/diamond_pickaxe"]},"porkchop_cooked":{"textures":"textures/items/porkchop_cooked"},"porkchop_raw":{"textures":"textures/items/porkchop_raw"},"potato":{"textures":"textures/items/potato"},"potato_baked":{"textures":"textures/items/potato_baked"},"potato_poisonous":{"textures":"textures/items/potato_poisonous"},"potion_bottle_drinkable":{"textures":["textures/items/potion_bottle_drinkable","textures/items/potion_bottle_moveSpeed","textures/items/potion_bottle_moveSlowdown","textures/items/potion_bottle_digSpeed","textures/items/potion_bottle_digSlowdown","textures/items/potion_bottle_damageBoost","textures/items/potion_bottle_heal","textures/items/potion_bottle_harm","textures/items/potion_bottle_jump","textures/items/potion_bottle_confusion","textures/items/potion_bottle_regeneration","textures/items/potion_bottle_resistance","textures/items/potion_bottle_fireResistance","textures/items/potion_bottle_waterBreathing","textures/items/potion_bottle_invisibility","textures/items/potion_bottle_blindness","textures/items/potion_bottle_nightVision","textures/items/potion_bottle_hunger","textures/items/potion_bottle_weakness","textures/items/potion_bottle_poison","textures/items/potion_bottle_wither","textures/items/potion_bottle_healthBoost","textures/items/potion_bottle_absorption","textures/items/potion_bottle_saturation"]},"potion_bottle_empty":{"textures":"textures/items/potion_bottle_empty"},"potion_bottle_splash":{"textures":["textures/items/potion_bottle_splash","textures/items/potion_bottle_splash_moveSpeed","textures/items/potion_bottle_splash_moveSlowdown","textures/items/potion_bottle_splash_digSpeed","textures/items/potion_bottle_splash_digSlowdown","textures/items/potion_bottle_splash_damageBoost","textures/items/potion_bottle_splash_heal","textures/items/potion_bottle_splash_harm","textures/items/potion_bottle_splash_jump","textures/items/potion_bottle_splash_confusion","textures/items/potion_bottle_splash_regeneration","textures/items/potion_bottle_splash_resistance","textures/items/potion_bottle_splash_fireResistance","textures/items/potion_bottle_splash_waterBreathing","textures/items/potion_bottle_splash_invisibility","textures/items/potion_bottle_splash_blindness","textures/items/potion_bottle_splash_nightVision","textures/items/potion_bottle_splash_hunger","textures/items/potion_bottle_splash_weakness","textures/items/potion_bottle_splash_poison","textures/items/potion_bottle_splash_wither","textures/items/potion_bottle_splash_healthBoost","textures/items/potion_bottle_splash_absorption","textures/items/potion_bottle_splash_saturation"]},"potion_overlay":{"textures":"textures/items/potion_overlay"},"pumpkin_pie":{"textures":"textures/items/pumpkin_pie"},"prismarine_crystals":{"textures":"textures/items/prismarine_crystals"},"prismarine_shard":{"textures":"textures/items/prismarine_shard"},"quartz":{"textures":"textures/items/quartz"},"quiver":{"textures":"textures/items/quiver"},"record_11":{"textures":"textures/items/record_11"},"record_13":{"textures":"textures/items/record_13"},"record_blocks":{"textures":"textures/items/record_blocks"},"record_cat":{"textures":"textures/items/record_cat"},"record_chirp":{"textures":"textures/items/record_chirp"},"record_far":{"textures":"textures/items/record_far"},"record_mall":{"textures":"textures/items/record_mall"},"record_mellohi":{"textures":"textures/items/record_mellohi"},"record_stal":{"textures":"textures/items/record_stal"},"record_strad":{"textures":"textures/items/record_strad"},"record_wait":{"textures":"textures/items/record_wait"},"record_ward":{"textures":"textures/items/record_ward"},"redstone_dust":{"textures":"textures/items/redstone_dust"},"reeds":{"textures":"textures/items/reeds"},"repeater":{"textures":"textures/items/repeater"},"rotten_flesh":{"textures":"textures/items/rotten_flesh"},"saddle":{"textures":"textures/items/saddle"},"seeds_melon":{"textures":"textures/items/seeds_melon"},"seeds_pumpkin":{"textures":"textures/items/seeds_pumpkin"},"seeds_wheat":{"textures":"textures/items/seeds_wheat"},"seeds_beetroot":{"textures":"textures/items/seeds_beetroot"},"shears":{"textures":"textures/items/shears"},"shovel":{"textures":["textures/items/wood_shovel","textures/items/stone_shovel","textures/items/iron_shovel","textures/items/gold_shovel","textures/items/diamond_shovel"]},"sign":{"textures":"textures/items/sign"},"skull_creeper":{"textures":"textures/items/skull_creeper"},"skull_skeleton":{"textures":"textures/items/skull_skeleton"},"skull_steve":{"textures":"textures/items/skull_steve"},"skull_wither":{"textures":"textures/items/skull_wither"},"skull_zombie":{"textures":"textures/items/skull_zombie"},"slimeball":{"textures":"textures/items/slimeball"},"snowball":{"textures":"textures/items/snowball"},"spawn_egg":{"textures":["textures/items/egg_chicken","textures/items/egg_cow","textures/items/egg_pig","textures/items/egg_sheep","textures/items/egg_wolf","textures/items/egg_mushroomcow","textures/items/egg_creeper","textures/items/egg_enderman","textures/items/egg_silverfish","textures/items/egg_skeleton","textures/items/egg_slime","textures/items/egg_spider","textures/items/egg_zombie","textures/items/egg_pigzombie","textures/items/egg_villager","textures/items/egg_squid","textures/items/egg_ocelot","textures/items/egg_witch","textures/items/egg_bat","textures/items/egg_ghast","textures/items/egg_lava_slime","textures/items/egg_blaze","textures/items/egg_cave_spider","textures/items/egg_horse","textures/items/egg_rabbit","textures/items/egg_endermite","textures/items/egg_guardian","textures/items/egg_stray","textures/items/egg_husk","textures/items/egg_wither","textures/items/egg_donkey","textures/items/egg_mule","textures/items/egg_skeletonhorse","textures/items/egg_zombiehorse","textures/items/egg_npc","textures/items/egg_elderguardian","textures/items/egg_null"]},"spider_eye":{"textures":"textures/items/spider_eye"},"spider_eye_fermented":{"textures":"textures/items/spider_eye_fermented"},"stick":{"textures":"textures/items/stick"},"string":{"textures":"textures/items/string"},"sugar":{"textures":"textures/items/sugar"},"sword":{"textures":["textures/items/wood_sword","textures/items/stone_sword","textures/items/iron_sword","textures/items/gold_sword","textures/items/diamond_sword"]},"wheat":{"textures":"textures/items/wheat"},"clock_item":{"textures":"textures/items/clock_item"},"compass_item":{"textures":"textures/items/compass_item"},"rabbit_cooked":{"textures":"textures/items/rabbit_cooked"},"rabbit_foot":{"textures":"textures/items/rabbit_foot"},"rabbit_hide":{"textures":"textures/items/rabbit_hide"},"rabbit":{"textures":"textures/items/rabbit_raw"},"rabbit_stew":{"textures":"textures/items/rabbit_stew"},"lever":{"textures":"textures/items/lever"},"camera":{"textures":"textures/items/camera"},"chalkboard":{"textures":["textures/items/chalkboard_small","textures/items/chalkboard_medium","textures/items/chalkboard_large"]},"tipped_arrow":{"textures":["textures/items/tipped_arrow_waterbreathing","textures/items/tipped_arrow_swift","textures/items/tipped_arrow_slow","textures/items/tipped_arrow","textures/items/tipped_arrow","textures/items/tipped_arrow_strength","textures/items/tipped_arrow_healing","textures/items/tipped_arrow_harm","textures/items/tipped_arrow_leaping","textures/items/tipped_arrow","textures/items/tipped_arrow_regen","textures/items/tipped_arrow_fireres","textures/items/tipped_arrow_fireres","textures/items/tipped_arrow_waterbreathing","textures/items/tipped_arrow_invisibility","textures/items/tipped_arrow","textures/items/tipped_arrow_nightvision","textures/items/tipped_arrow","textures/items/tipped_arrow_weakness","textures/items/tipped_arrow_poison","textures/items/tipped_arrow","textures/items/tipped_arrow","textures/items/tipped_arrow","textures/items/tipped_arrow","textures/items/tipped_arrow_luck"]}}}